0,0.00714,0.00338,0.00718
64,0.00427,0.00338,0.00718
128,0.00824,0.00528,0.00738
192,0.00471,0.01098,0.00499
256,0.00427,0.00718,0.00679
320,0.00493,0.01098,0.00639
384,0.00626,0.00147,0.00519
448,0.00802,0.00528,0.00639
512,0.0067,0.00908,0.00499
576,0.00294,0.00528,0.00559
640,0.00493,0.00908,0.00679
704,0.00537,0.00718,0.00499
768,0.00692,0.00908,0.00898
832,0.0067,0.01098,0.01237
896,0.05466,0.15744,0.05767
960,0.25712,0.77176,0.28278
1024,0.64704,2.1431,0.80104
1088,1.77251,5.42404,1.91063
1152,3.87851,11.81267,4.32796
1216,3.87121,11.51025,5.55302
1280,2.42101,5.73206,2.98429
1344,1.71351,2.67563,1.79709
1408,1.45312,1.74939,1.40714
1472,1.23939,1.32526,1.25983
1536,1.10785,1.14264,1.12632
1600,1,1,1
1664,0.92466,0.82311,0.94115
1728,0.86189,0.77749,0.89127
1792,0.78649,0.65387,0.84895
1856,0.76662,0.61771,0.746
1920,0.70627,0.54543,0.73302
1984,0.68701,0.54543,0.65359
2048,0.62469,0.48075,0.63722
2112,0.59887,0.46934,0.58531
2176,0.58472,0.4104,0.56873
2240,0.5396,0.4161,0.52945
2304,0.50424,0.33052,0.49612
2368,0.48302,0.34383,0.47895
2432,0.46534,0.32291,0.43765
2496,0.44633,0.33432,0.42847
2560,0.41848,0.27536,0.40971
2624,0.40389,0.28487,0.36341
2688,0.3703,0.24112,0.37199
2752,0.35129,0.2202,0.33407
2816,0.33869,0.20118,0.34684
2880,0.33559,0.23922,0.3189
2944,0.32609,0.19548,0.28837
3008,0.31813,0.20499,0.28578
3072,0.31172,0.22781,0.25544
3136,0.28321,0.19548,0.24985
3200,0.2726,0.15934,0.23349
3264,0.27857,0.16695,0.21134
3328,0.26928,0.1289,0.21294
3392,0.23988,0.13842,0.20934
3456,0.2421,0.14793,0.20435
3520,0.24011,0.13842,0.19677
3584,0.21667,0.14222,0.18699
3648,0.2043,0.11939,0.185
3712,0.19723,0.13651,0.17003
3776,0.20408,0.09848,0.16743
3840,0.1875,0.13651,0.15486
3904,0.19281,0.10608,0.15386
3968,0.17534,0.11369,0.1383
4032,0.18507,0.09657,0.1365
4096,0.16871,0.09848,0.12593
4160,0.16407,0.07755,0.12732
4224,0.16253,0.09087,0.12174
4288,0.15589,0.07755,0.10976
4352,0.16186,0.08326,0.11614
4416,0.14263,0.07945,0.10557
4480,0.14241,0.09277,0.10397
4544,0.13534,0.07375,0.10417
4608,0.11876,0.08897,0.0942
4672,0.12517,0.09277,0.09459
4736,0.12031,0.05283,0.08681
4800,0.12915,0.06614,0.08641
4864,0.11169,0.04332,0.0908
4928,0.11832,0.05853,0.0892
4992,0.11323,0.05283,0.08122
5056,0.10174,0.05473,0.08302
5120,0.10881,0.05283,0.06905
5184,0.10771,0.04332,0.07164
5248,0.09135,0.06234,0.06147
5312,0.08273,0.06234,0.06346
5376,0.08317,0.05283,0.06705
5440,0.08008,0.06043,0.06187
5504,0.09356,0.03951,0.05847
5568,0.07853,0.04142,0.05687
5632,0.07787,0.05093,0.05827
5696,0.08362,0.05093,0.05069
5760,0.07588,0.03,0.05967
5824,0.07544,0.03761,0.04869
5888,0.07654,0.03761,0.05009
5952,0.06615,0.05093,0.05288
6016,0.06461,0.0243,0.04291
6080,0.0624,0.03381,0.04889
6144,0.06041,0.03761,0.04071
6208,0.06593,0.0281,0.0449
6272,0.05598,0.02049,0.04031
6336,0.05577,0.03571,0.0445
6400,0.054,0.0224,0.04151
6464,0.0593,0.02049,0.03632
6528,0.05997,0.04142,0.03832
6592,0.04295,0.03191,0.03033
6656,0.04869,0.03,0.03552
6720,0.04405,0.03191,0.03532
6784,0.04737,0.02049,0.03592
6848,0.04715,0.01289,0.02993
6912,0.04295,0.0243,0.03393
6976,0.04405,0.02049,0.03013
7040,0.04648,0.0262,0.02954
7104,0.04361,0.03,0.03313
7168,0.03455,0.03,0.02814
7232,0.04206,0.01859,0.02614
7296,0.03455,0.01669,0.02714
7360,0.03875,0.0243,0.02794
7424,0.03963,0.01479,0.02534
7488,0.03919,0.0281,0.02574
7552,0.033,0.0281,0.02475
7616,0.03278,0.01669,0.02415
7680,0.03189,0.04142,0.02335
7744,0.03698,0.03,0.02075
7808,0.03167,0.02049,0.02135
7872,0.03388,0.01479,0.02295
7936,0.03167,0.0243,0.02095
8000,0.03167,0.0281,0.02095
8064,0.03212,0.0224,0.02155
8128,0.03388,0.03191,0.02355
8192,0.02372,0.03191,0.02095
8256,0.02991,0.03191,0.02155
8320,0.02747,0.0243,0.02235
8384,0.0288,0.01859,0.01816
8448,0.0235,0.0262,0.01996
8512,0.02327,0.0243,0.01616
8576,0.02261,0.01098,0.01936
8640,0.02681,0.00908,0.02095
8704,0.02482,0.01669,0.01956
8768,0.02084,0.01669,0.01537
8832,0.0204,0.00908,0.01397
8896,0.01907,0.00528,0.01636
8960,0.01863,0.01289,0.01656
9024,0.01664,0.01098,0.01497
9088,0.01885,0.01669,0.01676
9152,0.01664,0.02049,0.01517
9216,0.01731,0.01098,0.01597
9280,0.01907,0.01098,0.01217
9344,0.01598,0.01098,0.01417
9408,0.01996,0.01479,0.01577
9472,0.01819,0.00718,0.01736
9536,0.01664,0.01289,0.01038
9600,0.01797,0.01479,0.00918
9664,0.01576,0.00528,0.01257
9728,0.01576,0.01098,0.01237
9792,0.01775,0.01479,0.01197
9856,0.0109,0.00908,0.01197
9920,0.01222,0.01669,0.00998
9984,0.01532,0.01098,0.01078
10048,0.01333,0.01098,0.01417
10112,0.01488,0.00908,0.00798
10176,0.01333,0.00718,0.01157
10240,0.01311,0.00908,0.01277
10304,0.00802,0.01098,0.01277
10368,0.01311,0.00147,0.00978
10432,0.00979,0.01859,0.01058
10496,0.01355,0.00338,0.00978
10560,0.01134,0.00908,0.01157
10624,0.01023,0.00147,0.00918
10688,0.01068,0.01098,0.00918
10752,0.01023,0.00718,0.01018
10816,0.01134,0.00528,0.00659
10880,0.01222,0.00718,0.01217
10944,0.01355,0.01289,0.01157
11008,0.00913,0.01289,0.00898
11072,0.01045,0.00908,0.01018
11136,0.00714,0.00908,0.00778
11200,0.01267,0.01098,0.00798
11264,0.01001,0.00147,0.01038
11328,0.01112,0.00528,0.01018
11392,0.00736,0.00718,0.00718
11456,0.00913,0.00718,0.00978
11520,0.01333,0.00147,0.00978
11584,0.00957,0.00528,0.00698
11648,0.00802,0.01098,0.00878
11712,0.00714,0.00718,0.00758
11776,0.00891,0.00338,0.00878
11840,0.00449,0.00718,0.01018
11904,0.00603,0.00528,0.00718
11968,0.00648,0.00528,0.00718
12032,0.00758,0.00908,0.00698
12096,0.00515,0.01289,0.00718
12160,0.00427,0.00908,0.00559
12224,0.00758,0.00718,0.00798
12288,0.0067,0.00528,0.00778
12352,0.00692,0.00528,0.00718
12416,0.00847,0.01289,0.00639
12480,0.00869,0.00908,0.00698
12544,0.00692,0.01098,0.00818
12608,0.00515,0.00908,0.00539
12672,0.00869,0.00908,0.00639
12736,0.00272,0.00908,0.00778
